-0.1254	1.076
-0.1253	1.076
-0.1252	1.072
-0.1251	1.076
-0.125	1.072
-0.1249	1.076
-0.1248	1.076
-0.1247	1.076
-0.1246	1.08
-0.1245	1.08
-0.1244	1.08
-0.1243	1.076
-0.1242	1.076
-0.1241	1.068
-0.124	1.076
-0.1239	1.076
-0.1238	1.08
-0.1237	1.088
-0.1236	1.08
-0.1235	1.08
-0.1234	1.092
-0.1233	1.08
-0.1232	1.08
-0.1231	1.08
-0.123	1.088
-0.1229	1.084
-0.1228	1.084
-0.1227	1.092
-0.1226	1.096
-0.1225	1.088
-0.1224	1.084
-0.1223	1.088
-0.1222	1.088
-0.1221	1.092
-0.122	1.092
-0.1219	1.088
-0.1218	1.092
-0.1217	1.088
-0.1216	1.092
-0.1215	1.1
-0.1214	1.092
-0.1213	1.096
-0.1212	1.092
-0.1211	1.1
-0.121	1.1
-0.1209	1.096
-0.1208	1.1
-0.1207	1.104
-0.1206	1.096
-0.1205	1.096
-0.1204	1.1
-0.1203	1.092
-0.1202	1.092
-0.1201	1.092
-0.12	1.104
-0.1199	1.1
-0.1198	1.096
-0.1197	1.096
-0.1196	1.092
-0.1195	1.088
-0.1194	1.1
-0.1193	1.1
-0.1192	1.096
-0.1191	1.092
-0.119	1.1
-0.1189	1.1
-0.1188	1.1
-0.1187	1.104
-0.1186	1.1
-0.1185	1.096
-0.1184	1.088
-0.1183	1.096
-0.1182	1.104
-0.1181	1.092
-0.118	1.096
-0.1179	1.1
-0.1178	1.1
-0.1177	1.1
-0.1176	1.104
-0.1175	1.1
-0.1174	1.104
-0.1173	1.104
-0.1172	1.104
-0.1171	1.108
-0.117	1.104
-0.1169	1.104
-0.1168	1.104
-0.1167	1.108
-0.1166	1.1
-0.1165	1.112
-0.1164	1.112
-0.1163	1.104
-0.1162	1.104
-0.1161	1.104
-0.116	1.1
-0.1159	1.112
-0.1158	1.112
-0.1157	1.104
-0.1156	1.108
-0.1155	1.104
-0.1154	1.104
-0.1153	1.104
-0.1152	1.108
-0.1151	1.104
-0.115	1.112
-0.1149	1.1
-0.1148	1.104
-0.1147	1.1
-0.1146	1.108
-0.1145	1.104
-0.1144	1.108
-0.1143	1.104
-0.1142	1.1
-0.1141	1.112
-0.114	1.108
-0.1139	1.1
-0.1138	1.104
-0.1137	1.108
-0.1136	1.1
-0.1135	1.104
-0.1134	1.108
-0.1133	1.1
-0.1132	1.108
-0.1131	1.108
-0.113	1.104
-0.1129	1.1
-0.1128	1.104
-0.1127	1.096
-0.1126	1.1
-0.1125	1.104
-0.1124	1.1
-0.1123	1.096
-0.1122	1.096
-0.1121	1.104
-0.112	1.1
-0.1119	1.108
-0.1118	1.104
-0.1117	1.1
-0.1116	1.1
-0.1115	1.096
-0.1114	1.112
-0.1113	1.104
-0.1112	1.104
-0.1111	1.1
-0.111	1.096
-0.1109	1.096
-0.1108	1.1
-0.1107	1.1
-0.1106	1.1
-0.1105	1.104
-0.1104	1.104
-0.1103	1.1
-0.1102	1.104
-0.1101	1.1
-0.11	1.104
-0.1099	1.104
-0.1098	1.072
-0.1097	1.104
-0.1096	1.108
-0.1095	1.104
-0.1094	1.112
-0.1093	1.1
-0.1092	1.124
-0.1091	1.104
-0.109	1.104
-0.1089	1.104
-0.1088	1.104
-0.1087	1.104
-0.1086	1.092
-0.1085	1.104
-0.1084	1.1
-0.1083	1.104
-0.1082	1.104
-0.1081	1.104
-0.108	1.104
-0.1079	1.104
-0.1078	1.104
-0.1077	1.1
-0.1076	1.104
-0.1075	1.104
-0.1074	1.104
-0.1073	1.108
-0.1072	1.1
-0.1071	1.104
-0.107	1.104
-0.1069	1.1
-0.1068	1.1
-0.1067	1.104
-0.1066	1.096
-0.1065	1.108
-0.1064	1.104
-0.1063	1.1
-0.1062	1.104
-0.1061	1.1
-0.106	1.104
-0.1059	1.1
-0.1058	1.1
-0.1057	1.104
-0.1056	1.1
-0.1055	1.1
-0.1054	1.1
-0.1053	1.104
-0.1052	1.104
-0.1051	1.104
-0.105	1.104
-0.1049	1.108
-0.1048	1.104
-0.1047	1.1
-0.1046	1.104
-0.1045	1.128
-0.1044	1.104
-0.1043	1.1
-0.1042	1.108
-0.1041	1.108
-0.104	1.104
-0.1039	1.112
-0.1038	1.104
-0.1037	1.104
-0.1036	1.1
-0.1035	1.108
-0.1034	1.1
-0.1033	1.104
-0.1032	1.112
-0.1031	1.104
-0.103	1.108
-0.1029	1.104
-0.1028	1.108
-0.1027	1.108
-0.1026	1.108
-0.1025	1.108
-0.1024	1.104
-0.1023	1.104
-0.1022	1.1
-0.1021	1.104
-0.102	1.1
-0.1019	1.096
-0.1018	1.104
-0.1017	1.108
-0.1016	1.104
-0.1015	1.1
-0.1014	1.104
-0.1013	1.108
-0.1012	1.1
-0.1011	1.108
-0.101	1.096
-0.1009	1.104
-0.1008	1.104
-0.1007	1.108
-0.1006	1.104
-0.1005	1.1
-0.1004	1.104
-0.1003	1.104
-0.1002	1.1
-0.1001	1.096
-0.1	1.096
-0.0999	1.1
-0.0998	1.092
-0.0997	1.1
-0.0996	1.096
-0.0995	1.092
-0.0994	1.104
-0.0993	1.096
-0.0992	1.1
-0.0991	1.096
-0.099	1.096
-0.0989	1.096
-0.0988	1.1
-0.0987	1.092
-0.0986	1.096
-0.0985	1.092
-0.0984	1.096
-0.0983	1.096
-0.0982	1.1
-0.0981	1.092
-0.098	1.1
-0.0979	1.1
-0.0978	1.092
-0.0977	1.092
-0.0976	1.092
-0.0975	1.092
-0.0974	1.092
-0.0973	1.092
-0.0972	1.096
-0.0971	1.096
-0.097	1.088
-0.0969	1.092
-0.0968	1.096
-0.0967	1.088
-0.0966	1.088
-0.0965	1.088
-0.0964	1.088
-0.0963	1.088
-0.0962	1.092
-0.0961	1.088
-0.096	1.088
-0.0959	1.084
-0.0958	1.088
-0.0957	1.088
-0.0956	1.092
-0.0955	1.088
-0.0954	1.08
-0.0953	1.088
-0.0952	1.08
-0.0951	1.084
-0.095	1.076
-0.0949	1.076
-0.0948	1.076
-0.0947	1.08
-0.0946	1.08
-0.0945	1.076
-0.0944	1.076
-0.0943	1.072
-0.0942	1.076
-0.0941	1.072
-0.094	1.076
-0.0939	1.072
-0.0938	1.076
-0.0937	1.04
-0.0936	1.072
-0.0935	1.068
-0.0934	1.076
-0.0933	1.072
-0.0932	1.068
-0.0931	1.072
-0.093	1.076
-0.0929	1.068
-0.0928	1.072
-0.0927	1.072
-0.0926	1.064
-0.0925	1.072
-0.0924	1.068
-0.0923	1.064
-0.0922	1.064
-0.0921	1.064
-0.092	1.06
-0.0919	1.088
-0.0918	1.068
-0.0917	1.064
-0.0916	1.06
-0.0915	1.064
-0.0914	1.064
-0.0913	1.06
-0.0912	1.06
-0.0911	1.064
-0.091	1.056
-0.0909	1.06
-0.0908	1.064
-0.0907	1.056
-0.0906	1.056
-0.0905	1.06
-0.0904	1.056
-0.0903	1.052
-0.0902	1.056
-0.0901	1.056
-0.09	1.06
-0.0899	1.052
-0.0898	1.06
-0.0897	1.056
-0.0896	1.056
-0.0895	1.064
-0.0894	1.06
-0.0893	1.056
-0.0892	1.056
-0.0891	1.056
-0.089	1.056
-0.0889	1.056
-0.0888	1.052
-0.0887	1.056
-0.0886	1.052
-0.0885	1.056
-0.0884	1.052
-0.0883	1.056
-0.0882	1.052
-0.0881	1.048
-0.088	1.056
-0.0879	1.052
-0.0878	1.06
-0.0877	1.052
-0.0876	1.052
-0.0875	1.052
-0.0874	1.052
-0.0873	1.044
-0.0872	1.044
-0.0871	1.052
-0.087	1.044
-0.0869	1.052
-0.0868	1.044
-0.0867	1.04
-0.0866	1.052
-0.0865	1.044
-0.0864	1.044
-0.0863	1.044
-0.0862	1.04
-0.0861	1.048
-0.086	1.04
-0.0859	1.044
-0.0858	1.044
-0.0857	1.04
-0.0856	1.048
-0.0855	1.044
-0.0854	1.048
-0.0853	1.06
-0.0852	1.04
-0.0851	1.052
-0.085	1.04
-0.0849	1.044
-0.0848	1.04
-0.0847	1.044
-0.0846	1.052
-0.0845	1.04
-0.0844	1.044
-0.0843	1.04
-0.0842	1.044
-0.0841	1.048
-0.084	1.048
-0.0839	1.04
-0.0838	1.052
-0.0837	1.04
-0.0836	1.044
-0.0835	1.068
-0.0834	1.048
-0.0833	1.052
-0.0832	1.044
-0.0831	1.052
-0.083	1.044
-0.0829	1.044
-0.0828	1.052
-0.0827	1.036
-0.0826	1.048
-0.0825	1.04
-0.0824	1.048
-0.0823	1.04
-0.0822	1.048
-0.0821	1.044
-0.082	1.048
-0.0819	1.04
-0.0818	1.044
-0.0817	1.024
-0.0816	1.036
-0.0815	1.04
-0.0814	1.044
-0.0813	1.044
-0.0812	1.04
-0.0811	1.04
-0.081	1.04
-0.0809	1.052
-0.0808	1.044
-0.0807	1.052
-0.0806	1.044
-0.0805	1.036
-0.0804	1.044
-0.0803	1.04
-0.0802	1.044
-0.0801	1.036
-0.08	1.052
-0.0799	1.04
-0.0798	1.04
-0.0797	1.036
-0.0796	1.036
-0.0795	1.036
-0.0794	1.048
-0.0793	1.04
-0.0792	1.04
-0.0791	1.036
-0.079	1.04
-0.0789	1.04
-0.0788	1.04
-0.0787	1.052
-0.0786	1.04
-0.0785	1.032
-0.0784	1.036
-0.0783	1.036
-0.0782	1.04
-0.0781	1.04
-0.078	1.036
-0.0779	1.04
-0.0778	1.044
-0.0777	1.04
-0.0776	1.036
-0.0775	1.04
-0.0774	1.04
-0.0773	1.044
-0.0772	1.036
-0.0771	1.036
-0.077	1.028
-0.0769	1.032
-0.0768	1.036
-0.0767	1.032
-0.0766	1.04
-0.0765	1.04
-0.0764	1.044
-0.0763	1.036
-0.0762	1.032
-0.0761	1.028
-0.076	1.036
-0.0759	1.036
-0.0758	1.036
-0.0757	1.036
-0.0756	1.04
-0.0755	1.04
-0.0754	1.032
-0.0753	1.028
-0.0752	1.04
-0.0751	1.036
-0.075	1.032
-0.0749	1.032
-0.0748	1.032
-0.0747	1.032
-0.0746	1.036
-0.0745	1.032
-0.0744	1.04
-0.0743	1.032
-0.0742	1.032
-0.0741	1.028
-0.074	1.032
-0.0739	1.036
-0.0738	1.024
-0.0737	1.028
-0.0736	1.036
-0.0735	1.028
-0.0734	1.028
-0.0733	1.024
-0.0732	1.032
-0.0731	1.028
-0.073	1.032
-0.0729	1.028
-0.0728	1.024
-0.0727	1.024
-0.0726	1.028
-0.0725	1.028
-0.0724	1.032
-0.0723	1.024
-0.0722	1.028
-0.0721	1.028
-0.072	1.032
-0.0719	1.024
-0.0718	1.024
-0.0717	1.024
-0.0716	1.024
-0.0715	1.032
-0.0714	1.02
-0.0713	1.028
-0.0712	1.024
-0.0711	1.028
-0.071	1.028
-0.0709	1.032
-0.0708	1.024
-0.0707	1.032
-0.0706	1.032
-0.0705	1.032
-0.0704	1.032
-0.0703	1.032
-0.0702	1.028
-0.0701	1.032
-0.07	1.032
-0.0699	1.028
-0.0698	1.032
-0.0697	1.028
-0.0696	1.036
-0.0695	1.032
-0.0694	1.028
-0.0693	1.032
-0.0692	1.036
-0.0691	1.032
-0.069	1.036
-0.0689	1.032
-0.0688	1.04
-0.0687	1.044
-0.0686	1.036
-0.0685	1.032
-0.0684	1.044
-0.0683	1.032
-0.0682	1.036
-0.0681	1.04
-0.068	1.036
-0.0679	1.032
-0.0678	1.036
-0.0677	1.036
-0.0676	1.032
-0.0675	1.036
-0.0674	1.04
-0.0673	1.036
-0.0672	1.04
-0.0671	1.032
-0.067	1.04
-0.0669	1.044
-0.0668	1.032
-0.0667	1.036
-0.0666	1.032
-0.0665	1.04
-0.0664	1.036
-0.0663	1.036
-0.0662	1.04
-0.0661	1.04
-0.066	1.032
-0.0659	1.036
-0.0658	1.04
-0.0657	1.044
-0.0656	1.04
-0.0655	1.04
-0.0654	1.04
-0.0653	1.036
-0.0652	1.044
-0.0651	1.044
-0.065	1.064
-0.0649	1.044
-0.0648	1.044
-0.0647	1.04
-0.0646	1.052
-0.0645	1.048
-0.0644	1.04
-0.0643	1.056
-0.0642	1.048
-0.0641	1.044
-0.064	1.044
-0.0639	1.06
-0.0638	1.072
-0.0637	1.056
-0.0636	1.048
-0.0635	1.052
-0.0634	1.056
-0.0633	1.052
-0.0632	1.056
-0.0631	1.052
-0.063	1.044
-0.0629	1.044
-0.0628	1.06
-0.0627	1.06
-0.0626	1.052
-0.0625	1.052
-0.0624	1.064
-0.0623	1.056
-0.0622	1.056
-0.0621	1.06
-0.062	1.06
-0.0619	1.06
-0.0618	1.06
-0.0617	1.06
-0.0616	1.064
-0.0615	1.06
-0.0614	1.068
-0.0613	1.064
-0.0612	1.068
-0.0611	1.06
-0.061	1.068
-0.0609	1.068
-0.0608	1.064
-0.0607	1.056
-0.0606	1.064
-0.0605	1.06
-0.0604	1.068
-0.0603	1.064
-0.0602	1.06
-0.0601	1.068
-0.06	1.06
-0.0599	1.068
-0.0598	1.064
-0.0597	1.064
-0.0596	1.064
-0.0595	1.064
-0.0594	1.068
-0.0593	1.064
-0.0592	1.064
-0.0591	1.06
-0.059	1.06
-0.0589	1.064
-0.0588	1.068
-0.0587	1.068
-0.0586	1.068
-0.0585	1.064
-0.0584	1.068
-0.0583	1.072
-0.0582	1.068
-0.0581	1.072
-0.058	1.068
-0.0579	1.064
-0.0578	1.076
-0.0577	1.064
-0.0576	1.076
-0.0575	1.076
-0.0574	1.076
-0.0573	1.068
-0.0572	1.076
-0.0571	1.072
-0.057	1.076
-0.0569	1.08
-0.0568	1.072
-0.0567	1.068
-0.0566	1.076
-0.0565	1.076
-0.0564	1.068
-0.0563	1.076
-0.0562	1.08
-0.0561	1.08
-0.056	1.076
-0.0559	1.068
-0.0558	1.076
-0.0557	1.08
-0.0556	1.072
-0.0555	1.076
-0.0554	1.08
-0.0553	1.072
-0.0552	1.084
-0.0551	1.076
-0.055	1.08
-0.0549	1.088
-0.0548	1.084
-0.0547	1.08
-0.0546	1.076
-0.0545	1.076
-0.0544	1.068
-0.0543	1.08
-0.0542	1.076
-0.0541	1.088
-0.054	1.084
-0.0539	1.076
-0.0538	1.084
-0.0537	1.084
-0.0536	1.08
-0.0535	1.088
-0.0534	1.076
-0.0533	1.08
-0.0532	1.084
-0.0531	1.084
-0.053	1.076
-0.0529	1.084
-0.0528	1.084
-0.0527	1.08
-0.0526	1.076
-0.0525	1.076
-0.0524	1.076
-0.0523	1.084
-0.0522	1.076
-0.0521	1.076
-0.052	1.076
-0.0519	1.084
-0.0518	1.08
-0.0517	1.08
-0.0516	1.08
-0.0515	1.072
-0.0514	1.088
-0.0513	1.08
-0.0512	1.088
-0.0511	1.076
-0.051	1.084
-0.0509	1.08
-0.0508	1.088
-0.0507	1.08
-0.0506	1.08
-0.0505	1.092
-0.0504	1.088
-0.0503	1.092
-0.0502	1.088
-0.0501	1.092
-0.05	1.088
-0.0499	1.088
-0.0498	1.092
-0.0497	1.092
-0.0496	1.092
-0.0495	1.092
-0.0494	1.096
-0.0493	1.096
-0.0492	1.092
-0.0491	1.092
-0.049	1.092
-0.0489	1.092
-0.0488	1.088
-0.0487	1.096
-0.0486	1.092
-0.0485	1.096
-0.0484	1.1
-0.0483	1.092
-0.0482	1.096
-0.0481	1.092
-0.048	1.1
-0.0479	1.096
-0.0478	1.088
-0.0477	1.096
-0.0476	1.088
-0.0475	1.088
-0.0474	1.1
-0.0473	1.1
-0.0472	1.096
-0.0471	1.092
-0.047	1.104
-0.0469	1.1
-0.0468	1.104
-0.0467	1.104
-0.0466	1.096
-0.0465	1.1
-0.0464	1.096
-0.0463	1.096
-0.0462	1.092
-0.0461	1.088
-0.046	1.096
-0.0459	1.1
-0.0458	1.1
-0.0457	1.096
-0.0456	1.104
-0.0455	1.1
-0.0454	1.108
-0.0453	1.108
-0.0452	1.1
-0.0451	1.104
-0.045	1.1
-0.0449	1.1
-0.0448	1.104
-0.0447	1.1
-0.0446	1.104
-0.0445	1.104
-0.0444	1.104
-0.0443	1.104
-0.0442	1.112
-0.0441	1.112
-0.044	1.104
-0.0439	1.104
-0.0438	1.1
-0.0437	1.104
-0.0436	1.116
-0.0435	1.116
-0.0434	1.108
-0.0433	1.108
-0.0432	1.112
-0.0431	1.104
-0.043	1.116
-0.0429	1.108
-0.0428	1.108
-0.0427	1.112
-0.0426	1.112
-0.0425	1.112
-0.0424	1.112
-0.0423	1.112
-0.0422	1.112
-0.0421	1.108
-0.042	1.112
-0.0419	1.108
-0.0418	1.112
-0.0417	1.112
-0.0416	1.112
-0.0415	1.116
-0.0414	1.108
-0.0413	1.12
-0.0412	1.116
-0.0411	1.12
-0.041	1.108
-0.0409	1.092
-0.0408	1.112
-0.0407	1.12
-0.0406	1.12
-0.0405	1.108
-0.0404	1.116
-0.0403	1.108
-0.0402	1.112
-0.0401	1.12
-0.04	1.112
-0.0399	1.124
-0.0398	1.104
-0.0397	1.108
-0.0396	1.112
-0.0395	1.112
-0.0394	1.12
-0.0393	1.108
-0.0392	1.12
-0.0391	1.108
-0.039	1.112
-0.0389	1.112
-0.0388	1.112
-0.0387	1.108
-0.0386	1.112
-0.0385	1.112
-0.0384	1.112
-0.0383	1.112
-0.0382	1.108
-0.0381	1.108
-0.038	1.116
-0.0379	1.112
-0.0378	1.104
-0.0377	1.112
-0.0376	1.116
-0.0375	1.108
-0.0374	1.112
-0.0373	1.104
-0.0372	1.104
-0.0371	1.112
-0.037	1.108
-0.0369	1.12
-0.0368	1.1
-0.0367	1.108
-0.0366	1.116
-0.0365	1.116
-0.0364	1.108
-0.0363	1.112
-0.0362	1.108
-0.0361	1.104
-0.036	1.112
-0.0359	1.112
-0.0358	1.108
-0.0357	1.116
-0.0356	1.104
-0.0355	1.108
-0.0354	1.108
-0.0353	1.112
-0.0352	1.104
-0.0351	1.108
-0.035	1.104
-0.0349	1.104
-0.0348	1.104
-0.0347	1.104
-0.0346	1.104
-0.0345	1.1
-0.0344	1.1
-0.0343	1.104
-0.0342	1.104
-0.0341	1.096
-0.034	1.1
-0.0339	1.1
-0.0338	1.104
-0.0337	1.104
-0.0336	1.1
-0.0335	1.096
-0.0334	1.1
-0.0333	1.096
-0.0332	1.084
-0.0331	1.096
-0.033	1.1
-0.0329	1.096
-0.0328	1.1
-0.0327	1.092
-0.0326	1.1
-0.0325	1.096
-0.0324	1.096
-0.0323	1.088
-0.0322	1.096
-0.0321	1.092
-0.032	1.088
-0.0319	1.1
-0.0318	1.096
-0.0317	1.1
-0.0316	1.096
-0.0315	1.092
-0.0314	1.096
-0.0313	1.084
-0.0312	1.092
-0.0311	1.08
-0.031	1.088
-0.0309	1.096
-0.0308	1.088
-0.0307	1.096
-0.0306	1.088
-0.0305	1.088
-0.0304	1.088
-0.0303	1.092
-0.0302	1.088
-0.0301	1.092
-0.03	1.096
-0.0299	1.092
-0.0298	1.092
-0.0297	1.088
-0.0296	1.088
-0.0295	1.088
-0.0294	1.092
-0.0293	1.088
-0.0292	1.092
-0.0291	1.088
-0.029	1.088
-0.0289	1.084
-0.0288	1.084
-0.0287	1.088
-0.0286	1.084
-0.0285	1.092
-0.0284	1.084
-0.0283	1.088
-0.0282	1.092
-0.0281	1.088
-0.028	1.084
-0.0279	1.088
-0.0278	1.084
-0.0277	1.084
-0.0276	1.088
-0.0275	1.088
-0.0274	1.08
-0.0273	1.08
-0.0272	1.08
-0.0271	1.076
-0.027	1.088
-0.0269	1.08
-0.0268	1.076
-0.0267	1.084
-0.0266	1.08
-0.0265	1.076
-0.0264	1.084
-0.0263	1.08
-0.0262	1.076
-0.0261	1.08
-0.026	1.084
-0.0259	1.08
-0.0258	1.076
-0.0257	1.076
-0.0256	1.076
-0.0255	1.068
-0.0254	1.08
-0.0253	1.076
-0.0252	1.08
-0.0251	1.076
-0.025	1.084
-0.0249	1.084
-0.0248	1.076
-0.0247	1.076
-0.0246	1.08
-0.0245	1.076
-0.0244	1.084
-0.0243	1.072
-0.0242	1.088
-0.0241	1.076
-0.024	1.072
-0.0239	1.072
-0.0238	1.076
-0.0237	1.072
-0.0236	1.068
-0.0235	1.072
-0.0234	1.076
-0.0233	1.072
-0.0232	1.084
-0.0231	1.08
-0.023	1.072
-0.0229	1.072
-0.0228	1.076
-0.0227	1.076
-0.0226	1.076
-0.0225	1.076
-0.0224	1.076
-0.0223	1.072
-0.0222	1.076
-0.0221	1.072
-0.022	1.072
-0.0219	1.06
-0.0218	1.072
-0.0217	1.08
-0.0216	1.076
-0.0215	1.08
-0.0214	1.076
-0.0213	1.08
-0.0212	1.068
-0.0211	1.068
-0.021	1.072
-0.0209	1.076
-0.0208	1.068
-0.0207	1.072
-0.0206	1.076
-0.0205	1.068
-0.0204	1.076
-0.0203	1.068
-0.0202	1.068
-0.0201	1.072
-0.02	1.076
-0.0199	1.068
-0.0198	1.072
-0.0197	1.068
-0.0196	1.064
-0.0195	1.06
-0.0194	1.064
-0.0193	1.064
-0.0192	1.064
-0.0191	1.068
-0.019	1.064
-0.0189	1.068
-0.0188	1.064
-0.0187	1.064
-0.0186	1.06
-0.0185	1.06
-0.0184	1.06
-0.0183	1.06
-0.0182	1.064
-0.0181	1.06
-0.018	1.056
-0.0179	1.06
-0.0178	1.06
-0.0177	1.06
-0.0176	1.06
-0.0175	1.06
-0.0174	1.06
-0.0173	1.06
-0.0172	1.06
-0.0171	1.056
-0.017	1.064
-0.0169	1.064
-0.0168	1.06
-0.0167	1.06
-0.0166	1.068
-0.0165	1.076
-0.0164	1.056
-0.0163	1.052
-0.0162	1.06
-0.0161	1.044
-0.016	1.052
-0.0159	1.048
-0.0158	1.06
-0.0157	1.056
-0.0156	1.052
-0.0155	1.056
-0.0154	1.048
-0.0153	1.044
-0.0152	1.052
-0.0151	1.052
-0.015	1.044
-0.0149	1.056
-0.0148	1.044
-0.0147	1.048
-0.0146	1.044
-0.0145	1.044
-0.0144	1.056
-0.0143	1.052
-0.0142	1.04
-0.0141	1.04
-0.014	1.036
-0.0139	1.04
-0.0138	1.04
-0.0137	1.04
-0.0136	1.04
-0.0135	1.024
-0.0134	1.04
-0.0133	1.04
-0.0132	1.036
-0.0131	1.04
-0.013	1.04
-0.0129	1.04
-0.0128	1.036
-0.0127	1.04
-0.0126	1.032
-0.0125	1.036
-0.0124	1.036
-0.0123	1.028
-0.0122	1.04
-0.0121	1.036
-0.012	1.036
-0.0119	1.032
-0.0118	1.036
-0.0117	1.028
-0.0116	1.036
-0.0115	1.028
-0.0114	1.024
-0.0113	1.024
-0.0112	1.04
-0.0111	1.028
-0.011	1.028
-0.0109	1.032
-0.0108	1.028
-0.0107	1.036
-0.0106	1.032
-0.0105	1.032
-0.0104	1.036
-0.0103	1.028
-0.0102	1.028
-0.0101	1.032
-0.01	1.036
-0.0099	1.032
-0.0098	1.028
-0.0097	1.036
-0.0096	1.028
-0.0095	1.028
-0.0094	1.036
-0.0093	1.028
-0.0092	1.032
-0.0091	1.028
-0.009	1.032
-0.0089	1.032
-0.0088	1.036
-0.0087	1.024
-0.0086	1.024
-0.0085	1.036
-0.0084	1.036
-0.0083	1.032
-0.0082	1.024
-0.0081	1.032
-0.008	1.028
-0.0079	1.032
-0.0078	1.028
-0.0077	1.028
-0.0076	1.024
-0.0075	1.028
-0.0074	1.032
-0.0073	1.032
-0.0072	1.028
-0.0071	1.028
-0.007	1.028
-0.0069	1.024
-0.0068	1.032
-0.0067	1.028
-0.0066	1.024
-0.0065	1.024
-0.0064	1.024
-0.0063	1.024
-0.0062	1.028
-0.0061	1.032
-0.006	1.028
-0.0059	1.028
-0.0058	1.032
-0.0057	1.028
-0.0056	1.028
-0.0055	1.032
-0.0054	1.032
-0.0053	1.032
-0.0052	1.032
-0.0051	1.02
-0.005	1.032
-0.0049	1.028
-0.0048	1.036
-0.0047	1.028
-0.0046	1.024
-0.0045	1.032
-0.0044	1.02
-0.0043	1.028
-0.0042	1.032
-0.0041	1.02
-0.004	1.036
-0.0039	1.032
-0.0038	1.032
-0.0037	1.036
-0.0036	1.036
-0.0035	1.04
-0.0034	1.036
-0.0033	1.04
-0.0032	1.04
-0.0031	1.032
-0.003	1.032
-0.0029	1.032
-0.0028	1.032
-0.0027	1.04
-0.0026	1.036
-0.0025	1.036
-0.0024	1.032
-0.0023	1.036
-0.0022	1.036
-0.0021	1.04
-0.002	1.032
-0.0019	1.036
-0.0018	1.036
-0.0017	1.04
-0.0016	1.036
-0.0015	0.984
-0.0014	1.036
-0.0013	1.036
-0.0012	1.044
-0.0011	1.044
-0.001	1.036
-0.0009	1.036
-0.0008	1.044
-0.0007	1.036
-0.0006	1.036
-0.0005	1.044
-0.0004	1.036
-0.0003	1.04
-0.0002	1.036
-0.0001	1.036
0	1.044
00.000100000000	1.044
00.000200000000	1.04
00.000300000000	1.036
00.000400000000	1.044
00.000500000000	1.04
00.000600000000	1.04
00.000700000000	1.036
00.000800000000	1.036
00.000900000000	1.04
00.001000000000	1.04
00.001100000000	1.052
00.001200000000	1.04
00.001300000000	1.044
00.001400000000	1.044
00.001500000000	1.04
00.001600000000	1.036
00.001700000000	1.044
00.001800000000	1.044
00.001900000000	1.044
00.002000000000	1.048
00.002100000000	1.036
00.002200000000	1.04
00.002300000000	1.044
00.002400000000	1.044
00.002500000000	1.04
00.002600000000	1.04
00.002700000000	1.052
00.002800000000	1.044
00.002900000000	1.044
00.003000000000	1.052
00.003100000000	1.044
00.003200000000	1.056
00.003300000000	1.048
00.003400000000	1.044
00.003500000000	1.048
00.003600000000	1.048
00.003700000000	1.044
00.003800000000	1.048
00.003900000000	1.052
00.004000000000	1.052
00.004100000000	1.052
00.004200000000	1.044
00.004300000000	1.04
00.004400000000	1.052
00.004500000000	1.056
00.004600000000	1.048
00.004700000000	1.044
00.004800000000	1.052
00.004900000000	1.044
00.005000000000	1.048
00.005100000000	1.052
00.005200000000	1.052
00.005300000000	1.052
00.005400000000	1.044
00.005500000000	1.052
00.005600000000	1.052
00.005700000000	1.044
00.005800000000	1.044
00.005900000000	1.056
00.006000000000	1.04
00.006100000000	1.048
00.006200000000	1.04
00.006300000000	1.056
00.006400000000	1.056
00.006500000000	1.052
00.006600000000	1.052
00.006700000000	1.044
00.006800000000	1.052
00.006900000000	1.044
00.007000000000	1.044
00.007100000000	1.052
00.007200000000	1.056
00.007300000000	1.048
00.007400000000	1.056
00.007500000000	1.044
00.007600000000	1.052
00.007700000000	1.048
00.007800000000	1.048
00.007900000000	1.056
00.008000000000	1.048
00.008100000000	1.052
00.008200000000	1.052
00.008300000000	1.044
00.008400000000	1.048
00.008500000000	1.052
00.008600000000	0.992
00.008700000000	1.048
00.008800000000	1.052
00.008900000000	1.052
00.009000000000	1.048
00.009100000000	1.052
00.009200000000	1.048
00.009300000000	1.052
00.009400000000	1.06
00.009500000000	1.06
00.009600000000	1.056
00.009700000000	1.06
00.009800000000	1.052
00.009900000000	1.06
00.010000000000	1.056
00.010100000000	1.06
00.010200000000	1.056
00.010300000000	1.056
00.010400000000	1.064
00.010500000000	1.056
00.010600000000	1.056
00.010700000000	1.06
00.010800000000	1.064
00.010900000000	1.068
00.011000000000	1.06
00.011100000000	1.06
00.011200000000	1.064
00.011300000000	1.068
00.011400000000	1.06
00.011500000000	1.06
00.011600000000	1.06
00.011700000000	1.056
00.011800000000	1.068
00.011900000000	1.06
00.012000000000	1.064
00.012100000000	1.068
00.012200000000	1.064
00.012300000000	1.064
00.012400000000	1.064
00.012500000000	1.072
00.012600000000	1.068
00.012700000000	1.06
00.012800000000	1.064
00.012900000000	1.068
00.013000000000	1.068
00.013100000000	1.068
00.013200000000	1.068
00.013300000000	1.068
00.013400000000	1.068
00.013500000000	1.068
00.013600000000	1.072
00.013700000000	1.076
00.013800000000	1.068
00.013900000000	1.064
00.014000000000	1.08
00.014100000000	1.072
00.014200000000	1.072
00.014300000000	1.068
00.014400000000	1.072
00.014500000000	1.072
00.014600000000	1.072
00.014700000000	1.072
00.014800000000	1.072
00.014900000000	1.08
00.015000000000	1.076
00.015100000000	1.084
00.015200000000	1.076
00.015300000000	1.076
00.015400000000	1.08
00.015500000000	1.076
00.015600000000	1.08
00.015700000000	1.076
00.015800000000	1.084
00.015900000000	1.076
00.016000000000	1.088
00.016100000000	1.08
00.016200000000	1.08
00.016300000000	1.084
00.016400000000	1.092
00.016500000000	1.088
00.016600000000	1.084
00.016700000000	1.084
00.016800000000	1.088
00.016900000000	1.084
00.017000000000	1.088
00.017100000000	1.092
00.017200000000	1.092
00.017300000000	1.088
00.017400000000	1.092
00.017500000000	1.096
00.017600000000	1.092
00.017700000000	1.084
00.017800000000	1.1
00.017900000000	1.092
00.018000000000	1.092
00.018100000000	1.1
00.018200000000	1.104
00.018300000000	1.1
00.018400000000	1.1
00.018500000000	1.1
00.018600000000	1.088
00.018700000000	1.096
00.018800000000	1.1
00.018900000000	1.1
00.019000000000	1.096
00.019100000000	1.096
00.019200000000	1.096
00.019300000000	1.092
00.019400000000	1.092
00.019500000000	1.096
00.019600000000	1.092
00.019700000000	1.104
00.019800000000	1.096
00.019900000000	1.092
00.020000000000	1.104
00.020100000000	1.104
00.020200000000	1.096
00.020300000000	1.096
00.020400000000	1.1
00.020500000000	1.1
00.020600000000	1.108
00.020700000000	1.108
00.020800000000	1.104
00.020900000000	1.104
00.021000000000	1.104
00.021100000000	1.104
00.021200000000	1.104
00.021300000000	1.108
00.021400000000	1.1
00.021500000000	1.1
00.021600000000	1.096
00.021700000000	1.104
00.021800000000	1.104
00.021900000000	1.104
00.022000000000	1.1
00.022100000000	1.108
00.022200000000	1.104
00.022300000000	1.104
00.022400000000	1.104
00.022500000000	1.1
00.022600000000	1.1
00.022700000000	1.112
00.022800000000	1.112
00.022900000000	1.108
00.023000000000	1.108
00.023100000000	1.104
00.023200000000	1.104
00.023300000000	1.104
00.023400000000	1.104
00.023500000000	1.104
00.023600000000	1.108
00.023700000000	1.108
00.023800000000	1.104
00.023900000000	1.116
00.024000000000	1.112
00.024100000000	1.112
00.024200000000	1.108
00.024300000000	1.104
00.024400000000	1.112
00.024500000000	1.108
00.024600000000	1.108
00.024700000000	1.12
00.024800000000	1.112
00.024900000000	1.104
00.025000000000	1.112
00.025100000000	1.104
00.025200000000	1.112
00.025300000000	1.108
00.025400000000	1.104
00.025500000000	1.108
00.025600000000	1.104
00.025700000000	1.104
00.025800000000	1.1
00.025900000000	1.108
00.026000000000	1.112
00.026100000000	1.108
00.026200000000	1.108
00.026300000000	1.104
00.026400000000	1.108
00.026500000000	1.108
00.026600000000	1.092
00.026700000000	1.104
00.026800000000	1.104
00.026900000000	1.112
00.027000000000	1.096
00.027100000000	1.1
00.027200000000	1.1
00.027300000000	1.104
00.027400000000	1.108
00.027500000000	1.108
00.027600000000	1.104
00.027700000000	1.1
00.027800000000	1.1
00.027900000000	1.104
00.028000000000	1.1
00.028100000000	1.104
00.028200000000	1.108
00.028300000000	1.1
00.028400000000	1.1
00.028500000000	1.104
00.028600000000	1.096
00.028700000000	1.108
00.028800000000	1.104
00.028900000000	1.104
00.029000000000	1.104
00.029100000000	1.104
00.029200000000	1.104
00.029300000000	1.104
00.029400000000	1.112
00.029500000000	1.104
00.029600000000	1.104
00.029700000000	1.108
00.029800000000	1.104
00.029900000000	1.1
00.030000000000	1.104
00.030100000000	1.108
00.030200000000	1.104
00.030300000000	1.104
00.030400000000	1.104
00.030500000000	1.108
00.030600000000	1.104
00.030700000000	1.108
00.030800000000	1.104
00.030900000000	1.104
00.031000000000	1.108
00.031100000000	1.108
00.031200000000	1.104
00.031300000000	1.112
00.031400000000	1.112
00.031500000000	1.104
00.031600000000	1.104
00.031700000000	1.108
00.031800000000	1.104
00.031900000000	1.104
00.032000000000	1.104
00.032100000000	1.108
00.032200000000	1.1
00.032300000000	1.1
00.032400000000	1.1
00.032500000000	1.096
00.032600000000	1.1
00.032700000000	1.104
00.032800000000	1.108
00.032900000000	1.104
00.033000000000	1.1
00.033100000000	1.1
00.033200000000	1.112
00.033300000000	1.104
00.033400000000	1.104
00.033500000000	1.1
00.033600000000	1.1
00.033700000000	1.1
00.033800000000	1.104
00.033900000000	1.096
00.034000000000	1.108
00.034100000000	1.1
00.034200000000	1.1
00.034300000000	1.096
00.034400000000	1.1
00.034500000000	1.108
00.034600000000	1.096
00.034700000000	1.104
00.034800000000	1.1
00.034900000000	1.096
00.035000000000	1.104
00.035100000000	1.108
00.035200000000	1.1
00.035300000000	1.108
00.035400000000	1.108
00.035500000000	1.104
00.035600000000	1.104
00.035700000000	1.108
00.035800000000	1.1
00.035900000000	1.1
00.036000000000	1.108
00.036100000000	1.1
00.036200000000	1.104
00.036300000000	1.096
00.036400000000	1.096
00.036500000000	1.108
00.036600000000	1.104
00.036700000000	1.1
00.036800000000	1.112
00.036900000000	1.112
00.037000000000	1.104
00.037100000000	1.096
00.037200000000	1.1
00.037300000000	1.104
00.037400000000	1.108
00.037500000000	1.112
00.037600000000	1.1
00.037700000000	1.104
00.037800000000	1.104
00.037900000000	1.108
00.038000000000	1.108
00.038100000000	1.112
00.038200000000	1.108
00.038300000000	1.108
00.038400000000	1.104
00.038500000000	1.1
00.038600000000	1.1
00.038700000000	1.104
00.038800000000	1.104
00.038900000000	1.1
00.039000000000	1.104
00.039100000000	1.108
00.039200000000	1.108
00.039300000000	1.1
00.039400000000	1.104
00.039500000000	1.104
00.039600000000	1.1
00.039700000000	1.1
00.039800000000	1.1
00.039900000000	1.104
00.040000000000	1.1
00.040100000000	1.1
00.040200000000	1.1
00.040300000000	1.096
00.040400000000	1.092
00.040500000000	1.096
00.040600000000	1.1
00.040700000000	1.1
00.040800000000	1.1
00.040900000000	1.104
00.041000000000	1.1
00.041100000000	1.092
00.041200000000	1.092
00.041300000000	1.096
00.041400000000	1.104
00.041500000000	1.092
00.041600000000	1.1
00.041700000000	1.092
00.041800000000	1.092
00.041900000000	1.096
00.042000000000	1.1
00.042100000000	1.088
00.042200000000	1.092
00.042300000000	1.092
00.042400000000	1.088
00.042500000000	1.092
00.042600000000	1.096
00.042700000000	1.096
00.042800000000	1.092
00.042900000000	1.096
00.043000000000	1.088
00.043100000000	1.092
00.043200000000	1.088
00.043300000000	1.092
00.043400000000	1.088
00.043500000000	1.088
00.043600000000	1.092
00.043700000000	1.088
00.043800000000	1.08
00.043900000000	1.088
00.044000000000	1.088
00.044100000000	1.08
00.044200000000	1.08
00.044300000000	1.084
00.044400000000	1.076
00.044500000000	1.088
00.044600000000	1.08
00.044700000000	1.088
00.044800000000	1.088
00.044900000000	1.08
00.045000000000	1.084
00.045100000000	1.076
00.045200000000	1.076
00.045300000000	1.068
00.045400000000	1.072
00.045500000000	1.068
00.045600000000	1.072
00.045700000000	1.08
00.045800000000	1.072
00.045900000000	1.08
00.046000000000	1.068
00.046100000000	1.076
00.046200000000	1.068
00.046300000000	1.072
00.046400000000	1.072
00.046500000000	1.064
00.046600000000	1.068
00.046700000000	1.08
00.046800000000	1.068
00.046900000000	1.072
00.047000000000	1.076
00.047100000000	1.068
00.047200000000	1.064
00.047300000000	1.064
00.047400000000	1.064
00.047500000000	1.068
00.047600000000	1.072
00.047700000000	1.064
00.047800000000	1.064
00.047900000000	1.068
00.048000000000	1.064
00.048100000000	1.056
00.048200000000	1.064
00.048300000000	1.064
00.048400000000	1.06
00.048500000000	1.06
00.048600000000	1.06
00.048700000000	1.06
00.048800000000	1.06
00.048900000000	1.056
00.049000000000	1.064
00.049100000000	1.06
00.049200000000	1.06
00.049300000000	1.056
00.049400000000	1.056
00.049500000000	1.06
00.049600000000	1.056
00.049700000000	1.056
00.049800000000	1.056
00.049900000000	1.06
00.050000000000	1.06
00.050100000000	1.056
00.050200000000	1.06
00.050300000000	1.052
00.050400000000	1.056
00.050500000000	1.048
00.050600000000	1.052
00.050700000000	1.06
00.050800000000	1.064
00.050900000000	1.06
00.051000000000	1.052
00.051100000000	1.056
00.051200000000	1.052
00.051300000000	1.052
00.051400000000	1.056
00.051500000000	1.052
00.051600000000	1.056
00.051700000000	1.044
00.051800000000	1.044
00.051900000000	1.052
00.052000000000	1.048
00.052100000000	1.044
00.052200000000	1.044
00.052300000000	1.048
00.052400000000	1.048
00.052500000000	1.052
00.052600000000	1.04
00.052700000000	1.048
00.052800000000	1.044
00.052900000000	1.04
00.053000000000	1.052
00.053100000000	1.044
00.053200000000	1.036
00.053300000000	1.048
00.053400000000	1.044
00.053500000000	1.048
00.053600000000	1.044
00.053700000000	1.04
00.053800000000	1.048
00.053900000000	1.052
00.054000000000	1.044
00.054100000000	1.044
00.054200000000	1.052
00.054300000000	1.04
00.054400000000	1.044
00.054500000000	1.044
00.054600000000	1.04
00.054700000000	1.048
00.054800000000	1.036
00.054900000000	1.044
00.055000000000	1.04
00.055100000000	1.04
00.055200000000	1.052
00.055300000000	1.016
00.055400000000	1.036
00.055500000000	1.048
00.055600000000	1.044
00.055700000000	1.036
00.055800000000	1.048
00.055900000000	1.044
00.056000000000	1.052
00.056100000000	1.048
00.056200000000	1.04
00.056300000000	1.04
00.056400000000	1.04
00.056500000000	1.044
00.056600000000	1.04
00.056700000000	1.044
00.056800000000	1.044
00.056900000000	1.04
00.057000000000	1.04
00.057100000000	1.044
00.057200000000	1.044
00.057300000000	1.044
00.057400000000	1.044
00.057500000000	1.044
00.057600000000	1.04
00.057700000000	1.048
00.057800000000	1.04
00.057900000000	1.04
00.058000000000	1.048
00.058100000000	1.036
00.058200000000	1.04
00.058300000000	1.036
00.058400000000	1.04
00.058500000000	1.04
00.058600000000	1.044
00.058700000000	1.04
00.058800000000	1.044
00.058900000000	1.036
00.059000000000	1.04
00.059100000000	1.044
00.059200000000	1.036
00.059300000000	1.044
00.059400000000	1.04
00.059500000000	1.04
00.059600000000	1.036
00.059700000000	1.044
00.059800000000	1.044
00.059900000000	1.032
00.060000000000	1.036
00.060100000000	1.036
00.060200000000	1.028
00.060300000000	1.036
00.060400000000	1.032
00.060500000000	1.032
00.060600000000	1.04
00.060700000000	1.036
00.060800000000	1.032
00.060900000000	1.04
00.061000000000	1.032
00.061100000000	1.036
00.061200000000	1.036
00.061300000000	1.032
00.061400000000	1.032
00.061500000000	1.032
00.061600000000	1.032
00.061700000000	1.036
00.061800000000	1.032
00.061900000000	1.036
00.062000000000	1.036
00.062100000000	1.04
00.062200000000	1.032
00.062300000000	1.04
00.062400000000	1.04
00.062500000000	1.036
00.062600000000	1.04
00.062700000000	1.036
00.062800000000	1.032
00.062900000000	1.036
00.063000000000	1.032
00.063100000000	1.04
00.063200000000	1.036
00.063300000000	1.036
00.063400000000	1.028
00.063500000000	1.028
00.063600000000	1.032
00.063700000000	1.072
00.063800000000	1.036
00.063900000000	1.04
00.064000000000	1.028
00.064100000000	1.032
00.064200000000	1.036
00.064300000000	1.008
00.064400000000	1.032
00.064500000000	1.032
00.064600000000	1.036
00.064700000000	1.024
00.064800000000	1.036
00.064900000000	1.036
00.065000000000	1.028
00.065100000000	1.036
00.065200000000	1.032
00.065300000000	1.028
00.065400000000	1.032
00.065500000000	1.032
00.065600000000	1.032
00.065700000000	1.032
00.065800000000	1.024
00.065900000000	1.032
00.066000000000	1.028
00.066100000000	1.02
00.066200000000	1.032
00.066300000000	1.028
00.066400000000	1.024
00.066500000000	1.028
00.066600000000	1.032
00.066700000000	1.024
00.066800000000	1.028
00.066900000000	1.024
00.067000000000	1.032
00.067100000000	1.024
00.067200000000	1.028
00.067300000000	1.032
00.067400000000	1.024
00.067500000000	1.02
00.067600000000	1.032
00.067700000000	1.032
00.067800000000	1.02
00.067900000000	1.032
00.068000000000	1.028
00.068100000000	1.028
00.068200000000	1.02
00.068300000000	1.036
00.068400000000	1.024
00.068500000000	1.024
00.068600000000	1.028
00.068700000000	1.024
00.068800000000	1.016
00.068900000000	1.016
00.069000000000	1.028
00.069100000000	1.028
00.069200000000	1.032
00.069300000000	1.024
00.069400000000	1.028
00.069500000000	1.028
00.069600000000	1.024
00.069700000000	1.024
00.069800000000	1.028
00.069900000000	1.024
00.070000000000	1.032
00.070100000000	1.032
00.070200000000	1.032
00.070300000000	1.028
00.070400000000	1.032
00.070500000000	1.032
00.070600000000	1.032
00.070700000000	1.036
00.070800000000	1.036
00.070900000000	1.04
00.071000000000	1.032
00.071100000000	1.036
00.071200000000	1.032
00.071300000000	1.028
00.071400000000	1.032
00.071500000000	1.036
00.071600000000	1.04
00.071700000000	1.04
00.071800000000	1.036
00.071900000000	1.036
00.072000000000	1.036
00.072100000000	1.036
00.072200000000	1.036
00.072300000000	1.036
00.072400000000	1.032
00.072500000000	1.032
00.072600000000	1.032
00.072700000000	1.036
00.072800000000	1.032
00.072900000000	1.036
00.073000000000	1.036
00.073100000000	1.032
00.073200000000	1.032
00.073300000000	1.032
00.073400000000	1.04
00.073500000000	1.04
00.073600000000	1.032
00.073700000000	1.036
00.073800000000	1.04
00.073900000000	1.036
00.074000000000	1.036
00.074100000000	1.04
00.074200000000	1.044
00.074300000000	1.04
00.074400000000	1.04
00.074500000000	1.036
00.074600000000	1.04
00.074700000000	1.04
00.074800000000	1.04
00.074900000000	1.044
00.075000000000	1.044
00.075100000000	1.048
00.075200000000	1.044
00.075300000000	1.048
00.075400000000	1.044
00.075500000000	1.048
00.075600000000	1.044
00.075700000000	1.052
00.075800000000	1.056
00.075900000000	1.048
00.076000000000	1.044
00.076100000000	1.052
00.076200000000	1.052
00.076300000000	1.048
00.076400000000	1.052
00.076500000000	1.052
00.076600000000	1.048
00.076700000000	1.048
00.076800000000	1.056
00.076900000000	1.052
00.077000000000	1.048
00.077100000000	1.056
00.077200000000	1.064
00.077300000000	1.048
00.077400000000	1.056
00.077500000000	1.056
00.077600000000	1.056
00.077700000000	1.064
00.077800000000	1.064
00.077900000000	1.06
00.078000000000	1.064
00.078100000000	1.064
00.078200000000	1.064
00.078300000000	1.064
00.078400000000	1.06
00.078500000000	1.064
00.078600000000	1.06
00.078700000000	1.064
00.078800000000	1.068
00.078900000000	1.06
00.079000000000	1.072
00.079100000000	1.064
00.079200000000	1.076
00.079300000000	1.068
00.079400000000	1.064
00.079500000000	1.068
00.079600000000	1.068
00.079700000000	1.068
00.079800000000	1.076
00.079900000000	1.064
00.080000000000	1.072
00.080100000000	1.068
00.080200000000	1.072
00.080300000000	1.068
00.080400000000	1.072
00.080500000000	1.096
00.080600000000	1.072
00.080700000000	1.068
00.080800000000	1.072
00.080900000000	1.068
00.081000000000	1.068
00.081100000000	1.068
00.081200000000	1.072
00.081300000000	1.068
00.081400000000	1.072
00.081500000000	1.072
00.081600000000	1.064
00.081700000000	1.076
00.081800000000	1.076
00.081900000000	1.072
00.082000000000	1.072
00.082100000000	1.072
00.082200000000	1.072
00.082300000000	1.08
00.082400000000	1.076
00.082500000000	1.072
00.082600000000	1.072
00.082700000000	1.08
00.082800000000	1.08
00.082900000000	1.08
00.083000000000	1.076
00.083100000000	1.08
00.083200000000	1.072
00.083300000000	1.088
00.083400000000	1.084
00.083500000000	1.08
00.083600000000	1.088
00.083700000000	1.076
00.083800000000	1.08
00.083900000000	1.088
00.084000000000	1.088
00.084100000000	1.088
00.084200000000	1.084
00.084300000000	1.076
00.084400000000	1.08
00.084500000000	1.084
00.084600000000	1.08
00.084700000000	1.084
00.084800000000	1.076
00.084900000000	1.088
00.085000000000	1.08
00.085100000000	1.076
00.085200000000	1.076
00.085300000000	1.08
00.085400000000	1.076
00.085500000000	1.08
00.085600000000	1.08
00.085700000000	1.084
00.085800000000	1.08
00.085900000000	1.088
00.086000000000	1.084
00.086100000000	1.08
00.086200000000	1.084
00.086300000000	1.084
00.086400000000	1.084
00.086500000000	1.088
00.086600000000	1.072
00.086700000000	1.084
00.086800000000	1.08
00.086900000000	1.08
00.087000000000	1.076
00.087100000000	1.088
00.087200000000	1.08
00.087300000000	1.088
00.087400000000	1.08
00.087500000000	1.088
00.087600000000	1.084
00.087700000000	1.088
00.087800000000	1.092
00.087900000000	1.088
00.088000000000	1.092
00.088100000000	1.084
00.088200000000	1.088
00.088300000000	1.08
00.088400000000	1.092
00.088500000000	1.088
00.088600000000	1.084
00.088700000000	1.084
00.088800000000	1.088
00.088900000000	1.092
00.089000000000	1.088
00.089100000000	1.084
00.089200000000	1.088
00.089300000000	1.088
00.089400000000	1.08
00.089500000000	1.092
00.089600000000	1.092
00.089700000000	1.088
00.089800000000	1.092
00.089900000000	1.092
00.090000000000	1.088
00.090100000000	1.1
00.090200000000	1.092
00.090300000000	1.092
00.090400000000	1.096
00.090500000000	1.092
00.090600000000	1.092
00.090700000000	1.092
00.090800000000	1.1
00.090900000000	1.096
00.091000000000	1.092
00.091100000000	1.092
00.091200000000	1.1
00.091300000000	1.096
00.091400000000	1.096
00.091500000000	1.096
00.091600000000	1.096
00.091700000000	1.092
00.091800000000	1.1
00.091900000000	1.092
00.092000000000	1.088
00.092100000000	1.1
00.092200000000	1.092
00.092300000000	1.104
00.092400000000	1.1
00.092500000000	1.1
00.092600000000	1.096
00.092700000000	1.096
00.092800000000	1.104
00.092900000000	1.092
00.093000000000	1.092
00.093100000000	1.104
00.093200000000	1.1
00.093300000000	1.1
00.093400000000	1.096
00.093500000000	1.096
00.093600000000	1.08
00.093700000000	1.1
00.093800000000	1.1
00.093900000000	1.104
00.094000000000	1.104
00.094100000000	1.104
00.094200000000	1.1
00.094300000000	1.1
00.094400000000	1.104
00.094500000000	1.1
00.094600000000	1.104
00.094700000000	1.1
00.094800000000	1.1
00.094900000000	1.104
00.095000000000	1.104
00.095100000000	1.104
00.095200000000	1.104
00.095300000000	1.108
00.095400000000	1.104
00.095500000000	1.104
00.095600000000	1.104
00.095700000000	1.108
00.095800000000	1.116
00.095900000000	1.112
00.096000000000	1.112
00.096100000000	1.104
00.096200000000	1.108
00.096300000000	1.112
00.096400000000	1.104
00.096500000000	1.088
00.096600000000	1.12
00.096700000000	1.112
00.096800000000	1.108
00.096900000000	1.108
00.097000000000	1.112
00.097100000000	1.108
00.097200000000	1.116
00.097300000000	1.112
00.097400000000	1.112
00.097500000000	1.108
00.097600000000	1.112
00.097700000000	1.12
00.097800000000	1.108
00.097900000000	1.108
00.098000000000	1.112
00.098100000000	1.112
00.098200000000	1.112
00.098300000000	1.112
00.098400000000	1.112
00.098500000000	1.108
00.098600000000	1.12
00.098700000000	1.112
00.098800000000	1.116
00.098900000000	1.112
00.099000000000	1.116
00.099100000000	1.112
00.099200000000	1.112
00.099300000000	1.108
00.099400000000	1.108
00.099500000000	1.116
00.099600000000	1.112
00.099700000000	1.104
00.099800000000	1.112
00.099900000000	1.116
00.100000000000	1.108
00.100100000000	1.12
00.100200000000	1.116
00.100300000000	1.112
00.100400000000	1.112
00.100500000000	1.12
00.100600000000	1.112
00.100700000000	1.112
00.100800000000	1.108
00.100900000000	1.112
00.101000000000	1.112
00.101100000000	1.104
00.101200000000	1.104
00.101300000000	1.108
00.101400000000	1.108
00.101500000000	1.108
00.101600000000	1.112
00.101700000000	1.116
00.101800000000	1.12
00.101900000000	1.108
00.102000000000	1.112
00.102100000000	1.12
00.102200000000	1.108
00.102300000000	1.112
00.102400000000	1.108
00.102500000000	1.12
00.102600000000	1.112
00.102700000000	1.112
00.102800000000	1.116
00.102900000000	1.108
00.103000000000	1.112
00.103100000000	1.092
00.103200000000	1.108
00.103300000000	1.112
00.103400000000	1.112
00.103500000000	1.112
00.103600000000	1.116
00.103700000000	1.108
00.103800000000	1.116
00.103900000000	1.112
00.104000000000	1.112
00.104100000000	1.108
00.104200000000	1.104
00.104300000000	1.112
00.104400000000	1.112
00.104500000000	1.112
00.104600000000	1.108
00.104700000000	1.108
00.104800000000	1.108
00.104900000000	1.104
00.105000000000	1.108
00.105100000000	1.108
00.105200000000	1.1
00.105300000000	1.108
00.105400000000	1.108
00.105500000000	1.108
00.105600000000	1.104
00.105700000000	1.104
00.105800000000	1.116
00.105900000000	1.104
00.106000000000	1.1
00.106100000000	1.1
00.106200000000	1.104
00.106300000000	1.108
00.106400000000	1.104
00.106500000000	1.1
00.106600000000	1.104
00.106700000000	1.1
00.106800000000	1.096
00.106900000000	1.104
00.107000000000	1.1
00.107100000000	1.1
00.107200000000	1.104
00.107300000000	1.1
00.107400000000	1.1
00.107500000000	1.1
00.107600000000	1.096
00.107700000000	1.092
00.107800000000	1.092
00.107900000000	1.104
00.108000000000	1.096
00.108100000000	1.104
00.108200000000	1.1
00.108300000000	1.092
00.108400000000	1.096
00.108500000000	1.092
00.108600000000	1.096
00.108700000000	1.092
00.108800000000	1.096
00.108900000000	1.1
00.109000000000	1.092
00.109100000000	1.092
00.109200000000	1.1
00.109300000000	1.092
00.109400000000	1.088
00.109500000000	1.092
00.109600000000	1.088
00.109700000000	1.088
00.109800000000	1.088
00.109900000000	1.092
00.110000000000	1.088
00.110100000000	1.092
00.110200000000	1.092
00.110300000000	1.092
00.110400000000	1.088
00.110500000000	1.088
00.110600000000	1.084
00.110700000000	1.092
00.110800000000	1.092
00.110900000000	1.088
00.111000000000	1.096
00.111100000000	1.092
00.111200000000	1.088
00.111300000000	1.08
00.111400000000	1.088
00.111500000000	1.092
00.111600000000	1.088
00.111700000000	1.088
00.111800000000	1.088
00.111900000000	1.088
00.112000000000	1.08
00.112100000000	1.08
00.112200000000	1.088
00.112300000000	1.084
00.112400000000	1.088
00.112500000000	1.08
00.112600000000	1.084
00.112700000000	1.084
00.112800000000	1.08
00.112900000000	1.08
00.113000000000	1.084
00.113100000000	1.076
00.113200000000	1.08
00.113300000000	1.08
00.113400000000	1.076
00.113500000000	1.08
00.113600000000	1.08
00.113700000000	1.076
00.113800000000	1.068
00.113900000000	1.076
00.114000000000	1.068
00.114100000000	1.088
00.114200000000	1.08
00.114300000000	1.084
00.114400000000	1.072
00.114500000000	1.076
00.114600000000	1.076
00.114700000000	1.076
00.114800000000	1.08
00.114900000000	1.08
00.115000000000	1.08
00.115100000000	1.068
00.115200000000	1.08
00.115300000000	1.084
00.115400000000	1.072
00.115500000000	1.08
00.115600000000	1.068
00.115700000000	1.076
00.115800000000	1.08
00.115900000000	1.076
00.116000000000	1.076
00.116100000000	1.068
00.116200000000	1.076
00.116300000000	1.076
00.116400000000	1.068
00.116500000000	1.068
00.116600000000	1.072
00.116700000000	1.072
00.116800000000	1.068
00.116900000000	1.076
00.117000000000	1.068
00.117100000000	1.076
00.117200000000	1.072
00.117300000000	1.076
00.117400000000	1.076
00.117500000000	1.076
00.117600000000	1.072
00.117700000000	1.072
00.117800000000	1.072
00.117900000000	1.064
00.118000000000	1.072
00.118100000000	1.068
00.118200000000	1.072
00.118300000000	1.064
00.118400000000	1.068
00.118500000000	1.068
00.118600000000	1.064
00.118700000000	1.064
00.118800000000	1.068
00.118900000000	1.076
00.119000000000	1.068
00.119100000000	1.068
00.119200000000	1.072
00.119300000000	1.064
00.119400000000	1.068
00.119500000000	1.064
00.119600000000	1.068
00.119700000000	1.068
00.119800000000	1.064
00.119900000000	1.064
00.120000000000	1.06
00.120100000000	1.064
00.120200000000	1.068
00.120300000000	1.068
00.120400000000	1.064
00.120500000000	1.064
00.120600000000	1.052
00.120700000000	1.056
00.120800000000	1.064
00.120900000000	1.064
00.121000000000	1.06
00.121100000000	1.056
00.121200000000	1.056
00.121300000000	1.06
00.121400000000	1.056
00.121500000000	1.064
00.121600000000	1.052
00.121700000000	1.056
00.121800000000	1.06
00.121900000000	1.06
00.122000000000	1.06
00.122100000000	1.056
00.122200000000	1.044
00.122300000000	1.056
00.122400000000	1.056
00.122500000000	1.056
00.122600000000	1.056
00.122700000000	1.048
00.122800000000	1.06
00.122900000000	1.048
00.123000000000	1.056
00.123100000000	1.056
00.123200000000	1.052
00.123300000000	1.052
00.123400000000	1.044
00.123500000000	1.056
00.123600000000	1.044
00.123700000000	1.056
00.123800000000	1.056
00.123900000000	1.052
00.124000000000	1.052
00.124100000000	1.056
00.124200000000	1.044
00.124300000000	1.048
00.124400000000	1.048
00.124500000000	1.052
